<?xml version="1.0" encoding="UTF-8" ?>
   <!DOCTYPE log4j:configuration SYSTEM "log4j.dtd">
<log4j:configuration xmlns:log4j="http://jakarta.apache.org/log4j/">
    <appender name="FileLog" class="org.apache.log4j.DailyRollingFileAppender">
        <param name="DatePattern" value="'.'yyyy-MM-dd"/>
        <param name="File" value="${log_filename_and_path}"/>
        <param name="Append" value="true"/>
        <layout class="org.apache.log4j.PatternLayout">
            <param name="ConversionPattern" value="%d [%t] %p - %m%n"/>
        </layout>
    </appender>
       
    <category name="${base_package}"> 
        <priority value="INFO" />
        <appender-ref ref="FileLog" />
    </category>       
       
</log4j:configuration>